,fastqc - dorado ,,,,,,,,multiqc - dorado ,,,,fastqc - minknow,,,,,,,,multiqc - minknow,,,
Sample,Filename,File type,Encoding,Total Sequences,Total Bases (mbp),Sequences flagged as poor quality,Sequence length,%GC,Dups,GC,Median len,Seqs,Filename,File type,Encoding,Total Sequences,Total Bases (mbp),Sequences flagged as poor quality,Sequence length,%GC,Dups,GC,Median len,Seqs
1,dorado_barcode01,Conventional base calls,Sanger / Illumina 1.9,3853,7.7,0,6-42174,48,0.10%,48.00%,499bp,0.0M,minknow_barcode01,Conventional base calls,Sanger / Illumina 1.9,491,1.2,0,133-42163,47,0.00%,47.00%,1499bp,0.0M
2,dorado_barcode02,Conventional base calls,Sanger / Illumina 1.9,112981,261.4,0,5-546951,49,0.20%,49.00%,9999bp,0.1M,minknow_barcode02,Conventional base calls,Sanger / Illumina 1.9,56114,141.2,0,54-65092,50,0.20%,50.00%,999bp,0.1M
3,dorado_barcode03,Conventional base calls,Sanger / Illumina 1.9,634,1.1,0,11-26132,48,0.00%,48.00%,499bp,0.0M,minknow_barcode03,Conventional base calls,Sanger / Illumina 1.9,47,0.1842,0,309-18796,47,0.00%,47.00%,1749bp,0.0M
4,dorado_barcode04,Conventional base calls,Sanger / Illumina 1.9,1256,2.7,0,5-85637,50,0.30%,50.00%,999bp,0.0M,minknow_barcode04,Conventional base calls,Sanger / Illumina 1.9,76,0.2111,0,272-31289,45,0.00%,45.00%,1499bp,0.0M
5,dorado_barcode05,Conventional base calls,Sanger / Illumina 1.9,544807,"1,300",0,5-462612,48,0.10%,48.00%,4999bp,0.5M,minknow_barcode05,Conventional base calls,Sanger / Illumina 1.9,296178,773.7,0,54-81909,48,0.10%,48.00%,999bp,0.3M
6,dorado_barcode06,Conventional base calls,Sanger / Illumina 1.9,810,1.6,0,9-22561,48,0.00%,48.00%,749bp,0.0M,minknow_barcode06,Conventional base calls,Sanger / Illumina 1.9,59,0.1884,0,331-19460,47,0.00%,47.00%,1249bp,0.0M
7,dorado_barcode07,Conventional base calls,Sanger / Illumina 1.9,798,1.5,0,6-50514,51,0.00%,51.00%,499bp,0.0M,minknow_barcode07,Conventional base calls,Sanger / Illumina 1.9,43,0.1654,0,372-28227,49,0.00%,49.00%,1499bp,0.0M
8,dorado_barcode08,Conventional base calls,Sanger / Illumina 1.9,1023,2,0,8-42765,48,0.00%,48.00%,499bp,0.0M,minknow_barcode08,Conventional base calls,Sanger / Illumina 1.9,73,0.2333,0,180-22706,48,0.00%,48.00%,1249bp,0.0M
9,dorado_barcode09,Conventional base calls,Sanger / Illumina 1.9,36782,48.7,0,5-369198,45,0.00%,45.00%,4999bp,0.0M,minknow_barcode09,Conventional base calls,Sanger / Illumina 1.9,20516,28,0,38-35896,45,0.00%,45.00%,499bp,0.0M
10,dorado_barcode10,Conventional base calls,Sanger / Illumina 1.9,160014,366.6,0,5-353180,49,0.10%,49.00%,4999bp,0.2M,minknow_barcode10,Conventional base calls,Sanger / Illumina 1.9,41847,114,0,41-63301,48,0.00%,48.00%,999bp,0.0M
11,dorado_barcode11,Conventional base calls,Sanger / Illumina 1.9,113567,243.5,0,5-322018,51,0.00%,51.00%,4999bp,0.1M,minknow_barcode11,Conventional base calls,Sanger / Illumina 1.9,59644,140,0,42-50999,50,0.00%,50.00%,1499bp,0.1M
12,dorado_barcode12,Conventional base calls,Sanger / Illumina 1.9,1143,1.8,0,5-64890,49,9.30%,49.00%,999bp,0.0M,minknow_barcode12,Conventional base calls,Sanger / Illumina 1.9,125,0.2446,0,35-64896,51,42.40%,51.00%,999bp,0.0M
13,dorado_barcode13,Conventional base calls,Sanger / Illumina 1.9,808,1.5,0,11-37254,50,0.00%,50.00%,499bp,0.0M,minknow_barcode13,Conventional base calls,Sanger / Illumina 1.9,46,0.1575,0,349-33482,47,0.00%,47.00%,1499bp,0.0M
14,dorado_barcode14,Conventional base calls,Sanger / Illumina 1.9,4707,5.4,0,5-35958,47,0.10%,47.00%,499bp,0.0M,minknow_barcode14,Conventional base calls,Sanger / Illumina 1.9,2266,2.5,0,40-35969,47,0.10%,47.00%,499bp,0.0M
15,dorado_barcode15,Conventional base calls,Sanger / Illumina 1.9,31483,53.5,0,5-70399,47,0.00%,47.00%,999bp,0.0M,minknow_barcode15,Conventional base calls,Sanger / Illumina 1.9,16042,28.5,0,40-27012,46,0.00%,46.00%,499bp,0.0M
16,dorado_barcode16,Conventional base calls,Sanger / Illumina 1.9,609,0.9551,0,15-37942,49,0.00%,49.00%,499bp,0.0M,minknow_barcode16,Conventional base calls,Sanger / Illumina 1.9,30,0.0938,0,260-33665,51,0.00%,51.00%,1499bp,0.0M
17,dorado_barcode17,Conventional base calls,Sanger / Illumina 1.9,1905114,"1,900",0,5-602324,41,0.90%,41.00%,9999bp,1.9M,minknow_barcode17,Conventional base calls,Sanger / Illumina 1.9,1205464,"1,200",0,11-66203,41,0.80%,41.00%,999bp,1.2M
18,dorado_barcode18,Conventional base calls,Sanger / Illumina 1.9,1100475,"1,000",0,5-549620,40,1.70%,40.00%,9999bp,1.1M,minknow_barcode18,Conventional base calls,Sanger / Illumina 1.9,755775,710.4,0,37-62988,40,1.60%,40.00%,999bp,0.8M
19,dorado_barcode19,Conventional base calls,Sanger / Illumina 1.9,845,1.3,0,25-28204,49,2.60%,49.00%,499bp,0.0M,minknow_barcode19,Conventional base calls,Sanger / Illumina 1.9,102,0.1266,0,40-20886,49,15.70%,49.00%,249bp,0.0M
20,dorado_barcode20,Conventional base calls,Sanger / Illumina 1.9,1550724,"7,400",0,5-673322,56,8.40%,56.00%,9999bp,1.6M,minknow_barcode20,Conventional base calls,Sanger / Illumina 1.9,821915,"4,300",0,31-148132,56,5.30%,56.00%,2499bp,0.8M
21,dorado_barcode21,Conventional base calls,Sanger / Illumina 1.9,1,0.000238,0,238,37,0.00%,37.00%,238bp,0.0M,,,,,,,,,,,,
23,dorado_barcode23,Conventional base calls,Sanger / Illumina 1.9,1,0.003,0,3032,54,0.00%,54.00%,3032bp,0.0M,,,,,,,,,,,,
24,dorado_barcode24,Conventional base calls,Sanger / Illumina 1.9,1,0.0115,0,11538,28,0.00%,28.00%,11538bp,0.0M,,,,,,,,,,,,
unclassified,dorado_unclassified,Conventional base calls,Sanger / Illumina 1.9,450161,"1,100",0,5-743583,50,14.60%,50.00%,9999bp,0.5M,minknow_unclassified,Conventional base calls,Sanger / Illumina 1.9,2106537,"5,200",0,42-222714,52,41.60%,52.00%,2499bp,2.1M